{"cameraMode":{"drawMode":0,"name":"Shaded","section":"Shading Mode"},"sceneLighting":true,"audioPlay":false,"sceneViewState":{"showFog":false,"showMaterialUpdate":false,"showSkybox":false,"showFlares":false,"showImageEffects":false,"showParticleSystems":false},"in2DMode":false,"pivot":{"x":2.2639846801757814,"y":0.08426570892333985,"z":-12.677294731140137},"rotation":{"x":-0.4669949412345886,"y":0.09539542347192764,"z":-0.05076080560684204,"w":-0.8776325583457947},"size":22.0,"orthographic":false}