{"cameraMode":{"drawMode":0,"name":"Shaded","section":"Shading Mode"},"sceneLighting":true,"audioPlay":false,"sceneViewState":{"showFog":false,"showMaterialUpdate":false,"showSkybox":false,"showFlares":false,"showImageEffects":false,"showParticleSystems":false},"in2DMode":false,"pivot":{"x":0.7029647827148438,"y":0.0013873130083084107,"z":11.708659172058106},"rotation":{"x":0.017161047086119653,"y":-0.9780963063240051,"z":0.08974906802177429,"w":0.18702483177185059},"size":4.264317989349365,"orthographic":false}