{"cameraMode":{"drawMode":0,"name":"Shaded","section":"Shading Mode"},"sceneLighting":true,"audioPlay":false,"sceneViewState":{"showFog":false,"showMaterialUpdate":false,"showSkybox":false,"showFlares":false,"showImageEffects":false,"showParticleSystems":false},"in2DMode":false,"pivot":{"x":-0.4233792722225189,"y":2.030320882797241,"z":28.611780166625978},"rotation":{"x":-0.0027399708051234485,"y":0.979174017906189,"z":-0.20257191359996797,"w":-0.01324419490993023},"size":7.123816013336182,"orthographic":false}