{"cameraMode":{"drawMode":0,"name":"Shaded","section":"Shading Mode"},"sceneLighting":true,"audioPlay":false,"sceneViewState":{"showFog":false,"showMaterialUpdate":false,"showSkybox":false,"showFlares":false,"showImageEffects":false,"showParticleSystems":false},"in2DMode":false,"pivot":{"x":-6.596986770629883,"y":0.08333301544189453,"z":-12.068547248840332},"rotation":{"x":-0.0027399708051234485,"y":0.979174017906189,"z":-0.20257191359996797,"w":-0.01324419490993023},"size":6.899154186248779,"orthographic":false}