{"cameraMode":{"drawMode":0,"name":"Shaded","section":"Shading Mode"},"sceneLighting":true,"audioPlay":false,"sceneViewState":{"showFog":false,"showMaterialUpdate":false,"showSkybox":false,"showFlares":false,"showImageEffects":false,"showParticleSystems":false},"in2DMode":false,"pivot":{"x":-4.4671502113342289,"y":-0.4804520606994629,"z":15.855812072753907},"rotation":{"x":-0.05765571445226669,"y":0.624320387840271,"z":-0.046287089586257938,"w":-0.7776615023612976},"size":5.284175872802734,"orthographic":false}