{"cameraMode":{"drawMode":0,"name":"Shaded","section":"Shading Mode"},"sceneLighting":true,"audioPlay":false,"sceneViewState":{"showFog":false,"showMaterialUpdate":false,"showSkybox":false,"showFlares":false,"showImageEffects":false,"showParticleSystems":false},"in2DMode":false,"pivot":{"x":0.27019116282463076,"y":0.0011549592018127442,"z":10.967928886413575},"rotation":{"x":-0.11031125485897064,"y":0.6670491695404053,"z":-0.10081662237644196,"w":-0.7298718094825745},"size":3.6161091327667238,"orthographic":false}