{"cameraMode":{"drawMode":0,"name":"Shaded","section":"Shading Mode"},"sceneLighting":true,"audioPlay":false,"sceneViewState":{"showFog":false,"showMaterialUpdate":false,"showSkybox":false,"showFlares":false,"showImageEffects":false,"showParticleSystems":false},"in2DMode":false,"pivot":{"x":-0.8110109567642212,"y":-0.0000069141387939453129,"z":2.4388961791992189},"rotation":{"x":-0.1864655762910843,"y":0.2667793333530426,"z":-0.052691422402858737,"w":-0.9440779089927673},"size":4.2395501136779789,"orthographic":false}