{"cameraMode":{"drawMode":0,"name":"Shaded","section":"Shading Mode"},"sceneLighting":true,"audioPlay":false,"sceneViewState":{"showFog":false,"showMaterialUpdate":false,"showSkybox":false,"showFlares":false,"showImageEffects":false,"showParticleSystems":false},"in2DMode":false,"pivot":{"x":-1.2868578433990479,"y":0.25200000405311587,"z":15.302547454833985},"rotation":{"x":-0.25365832448005679,"y":0.157261922955513,"z":-0.041835617274045947,"w":-0.9535071849822998},"size":1.8715938329696656,"orthographic":false}