{"cameraMode":{"drawMode":0,"name":"Shaded","section":"Shading Mode"},"sceneLighting":true,"audioPlay":false,"sceneViewState":{"showFog":false,"showMaterialUpdate":false,"showSkybox":false,"showFlares":false,"showImageEffects":false,"showParticleSystems":false},"in2DMode":false,"pivot":{"x":-4.613899230957031,"y":9.5367431640625e-7,"z":23.266916275024415},"rotation":{"x":-0.25365832448005679,"y":0.157261922955513,"z":-0.041835617274045947,"w":-0.9535071849822998},"size":7.292783260345459,"orthographic":false}