{"cameraMode":{"drawMode":0,"name":"Shaded","section":"Shading Mode"},"sceneLighting":true,"audioPlay":false,"sceneViewState":{"showFog":false,"showMaterialUpdate":false,"showSkybox":false,"showFlares":false,"showImageEffects":false,"showParticleSystems":false},"in2DMode":false,"pivot":{"x":4.05355978012085,"y":0.001216888427734375,"z":7.85893440246582},"rotation":{"x":-0.4669949412345886,"y":0.09539542347192764,"z":-0.05076080560684204,"w":-0.8776325583457947},"size":4.248347759246826,"orthographic":false}