{"cameraMode":{"drawMode":0,"name":"Shaded","section":"Shading Mode"},"sceneLighting":false,"audioPlay":false,"sceneViewState":{"showFog":false,"showMaterialUpdate":false,"showSkybox":false,"showFlares":false,"showImageEffects":false,"showParticleSystems":false},"in2DMode":false,"pivot":{"x":2.0899999141693117,"y":0.3149999976158142,"z":-0.04399999976158142},"rotation":{"x":-0.10761938244104386,"y":0.05604192987084389,"z":-0.006076002959161997,"w":-0.9925928115844727},"size":0.4089489281177521,"orthographic":false}