{"cameraMode":{"drawMode":0,"name":"Shaded","section":"Shading Mode"},"sceneLighting":true,"audioPlay":false,"sceneViewState":{"showFog":false,"showMaterialUpdate":false,"showSkybox":false,"showFlares":false,"showImageEffects":false,"showParticleSystems":false},"in2DMode":false,"pivot":{"x":-7.241125583648682,"y":-16.61118507385254,"z":31.864660263061525},"rotation":{"x":-0.19995008409023286,"y":-0.0052940561436116699,"z":0.001080006593838334,"w":-0.9797912240028381},"size":4.436555862426758,"orthographic":false}