{"cameraMode":{"drawMode":0,"name":"Shaded","section":"Shading Mode"},"sceneLighting":true,"audioPlay":false,"sceneViewState":{"showFog":false,"showMaterialUpdate":false,"showSkybox":false,"showFlares":false,"showImageEffects":false,"showParticleSystems":false},"in2DMode":false,"pivot":{"x":0.330000102519989,"y":0.05215202271938324,"z":0.06000000238418579},"rotation":{"x":-0.18443173170089723,"y":-0.4776553213596344,"z":0.10330861061811447,"w":-0.8527354598045349},"size":3.5982112884521486,"orthographic":false}